<?xml version="1.0"?>
<!DOCTYPE hibernate-mapping PUBLIC "-//Hibernate/Hibernate Mapping DTD 3.0//EN"
"http://www.hibernate.org/dtd/hibernate-mapping-3.0.dtd">
<!-- Generated 11-nov-2018 12:53:22 by Hibernate Tools 4.3.1 -->
<hibernate-mapping>
    <class name="model.pojo.Usuario" table="usuario" catalog="idevucom_web_aplication_dev" optimistic-lock="version">
        <id name="id" type="java.lang.Integer">
            <column name="id" />
            <generator class="identity" />
        </id>
        <property name="name" type="string">
            <column name="name" not-null="true" />
        </property>
        <property name="lastname" type="string">
            <column name="lastname" not-null="true" />
        </property>
        <property name="username" type="string">
            <column name="username" not-null="true" />
        </property>
        <property name="email" type="string">
            <column name="email" not-null="true" />
        </property>
        <property name="password" type="string">
            <column name="password" not-null="true" />
        </property>
    </class>
</hibernate-mapping>
